price,OutdoorTemperature,sol_p_c_1,sol_p_c_2,sol_p_c_3,sol_p_c_4,sol_p_c_5,sol_p_c_6,sol_p_c_7,sol_p_c_8,sol_p_c_9,sol_p_c_10,sol_tzon_1,sol_tzon_2,sol_tzon_3,sol_tzon_4,sol_tzon_5,sol_tzon_6,sol_tzon_7,sol_tzon_8,sol_tzon_9,sol_tzon_10,sol_slack_u_1,sol_slack_u_2,sol_slack_u_3,sol_slack_u_4,sol_slack_u_5,sol_slack_u_6,sol_slack_u_7,sol_slack_u_8,sol_slack_u_9,sol_slack_u_10,sol_slack_d_1,sol_slack_d_2,sol_slack_d_3,sol_slack_d_4,sol_slack_d_5,sol_slack_d_6,sol_slack_d_7,sol_slack_d_8,sol_slack_d_9,sol_slack_d_10,Tsp_1,Tsp_2,Tsp_3,Tsp_4,Tsp_5,Tsp_6,Tsp_7,Tsp_8,Tsp_9,Tsp_10,Tupp_1,Tupp_2,Tupp_3,Tupp_4,Tupp_5,Tupp_6,Tupp_7,Tupp_8,Tupp_9,Tupp_10,Tlow_1,Tlow_2,Tlow_3,Tlow_4,Tlow_5,Tlow_6,Tlow_7,Tlow_8,Tlow_9,Tlow_10,Tdelta_1,Tdelta_2,Tdelta_3,Tdelta_4,Tdelta_5,Tdelta_6,Tdelta_7,Tdelta_8,Tdelta_9,Tdelta_10
88.15444066,28.508333333333336,-100000.0,-100000.0,-100000.0,-100000.0,-100000.0,-100000.0,-100000.0,-100000.0,-100000.0,-100000.0,22.017569235796092,21.21802678429463,21.642615651530072,21.047094263500764,25.056069368000205,23.76203408728472,23.941679341950184,23.330787210284548,23.60776792891138,23.220481671537268,-100000.0,-100000.0,-100000.0,-100000.0,-100000.0,-100000.0,-100000.0,-100000.0,-100000.0,-100000.0,-100000.0,-100000.0,-100000.0,-100000.0,-100000.0,-100000.0,-100000.0,-100000.0,-100000.0,-100000.0,-100000.0,-100000.0,-100000.0,-100000.0,-100000.0,-100000.0,-100000.0,-100000.0,-100000.0,-100000.0,-100000.0,-100000.0,-100000.0,-100000.0,-100000.0,-100000.0,-100000.0,-100000.0,-100000.0,-100000.0,-100000.0,-100000.0,-100000.0,-100000.0,-100000.0,-100000.0,-100000.0,-100000.0,-100000.0,-100000.0,-100000.0,-100000.0,-100000.0,-100000.0,-100000.0,-100000.0,-100000.0,-100000.0,-100000.0,-100000.0
89.88913534,29.508333333333336,0.19114659738768172,0.2177180042773823,0.0,0.6459373069681813,0.0,0.0,0.0,0.0,0.0,0.0,22.836321099441754,22.01942167281111,22.574215711394142,21.408099491585524,25.093581672170615,23.759456579336025,23.83746310930431,23.273611913661956,23.762469405318654,23.122486222434866,0.7800573525149948,0.38966313753185866,0.7661340952609415,0.0,2.881357614730689,1.8884054824963812,2.010744123097524,0.41004462581968326,2.029504245493669,0.1933332655156228,0.45264619161606795,1.8944478281214037,0.5748563153953228,2.2085210913210824,0.0,0.0,0.0,0.0,0.0,0.0,22.799999999999976,22.799999999999976,22.799999999999976,22.799999999999976,22.799999999999976,22.799999999999976,22.799999999999976,22.799999999999976,22.799999999999976,22.799999999999976,24.08005735251497,23.689663137531834,24.066134095260917,23.299999999999976,26.181357614730665,25.188405482496357,25.3107441230975,23.71004462581966,25.329504245493645,23.4933332655156,21.847353808383932,20.405552171878597,21.725143684604678,20.09147890867892,22.3,22.3,22.3,22.3,22.3,22.3,0.05760537767029866,0.1382722357440822,0.18879785374841368,-0.07176599140923619,0.3648176971082173,0.01194539570750226,0.23275293903824887,-0.0009075459977416017,-0.16419835464952054,0.07911412970367052
45.488303,30.508333333333333,0.5921027199302011,0.7404485254208815,0.11331239040676253,0.4715779394358074,0.07592217994759892,0.6211530729758942,0.2,0.19525971251791324,0.46327454923313827,0.0,22.765128908191862,22.048283653850955,23.16142073426328,22.07912524223431,25.094140558117033,23.03811719836446,23.68525043057917,23.102350126642044,23.34835731411535,23.057032579054713,0.0,0.0,0.0,0.004817838011247971,2.3170759904406673,0.04196496745784354,1.5169602019349295,0.0,0.16603562083648843,0.0,0.02908178294450598,0.5842181816528794,1.0230029459776482,1.0767811326550962,0.0,0.0,0.0,0.0,0.0,0.0,22.799999999999976,22.799999999999976,22.799999999999976,22.799999999999976,22.799999999999976,22.799999999999976,22.799999999999976,22.799999999999976,22.799999999999976,22.799999999999976,23.299999999999976,23.299999999999976,23.299999999999976,23.304817838011225,25.617075990440643,23.34196496745782,24.816960201934904,23.299999999999976,23.466035620836465,23.299999999999976,22.270918217055495,21.71578181834712,21.276997054022353,21.223218867344904,22.3,22.3,22.3,22.3,22.3,22.3,0.3848384651671705,0.10532872392447053,-0.325784766011229,0.6060337044300341,0.2870721648853773,0.2376121872677029,0.3852415868708676,0.10152001670337711,-0.09643855953464597,-0.047352460955838296
57.26242884,31.0,0.6318643901066443,0.37768646916592685,0.731335063652165,0.5091143010947938,0.010641925303045658,0.36385566142934744,0.14044147810665725,0.23746883398333568,0.4094392997209796,0.0,22.669315022758365,22.560173903340573,22.601574378009065,22.55149842812731,25.171108152285775,22.842676466228745,23.60364105737687,22.95213531084635,23.11487998325436,23.01031884721095,0.0,0.0,0.0,0.0,3.458836757969191,0.0,1.7847465209142221,0.0,0.0,0.5850227657059115,0.7193013578709812,1.1420850169873826,0.2939562585722059,2.164296840211243,0.0,0.0,0.0,0.0,0.26310336538293644,0.7141661290290742,22.799999999999976,22.799999999999976,22.799999999999976,22.799999999999976,22.799999999999976,22.799999999999976,22.799999999999976,22.799999999999976,22.799999999999976,22.799999999999976,23.299999999999976,23.299999999999976,23.299999999999976,23.299999999999976,26.758836757969167,23.299999999999976,25.084746520914198,23.299999999999976,23.299999999999976,23.885022765705887,21.58069864212902,21.157914983012617,22.006043741427796,20.135703159788758,22.3,22.3,22.3,22.3,22.036896634617065,21.585833870970927,0.4158640903491534,0.08633335097973069,0.519078827454302,0.2931514897248098,0.5073159842852071,0.3296548331161459,0.8035482496862507,0.20864125117487548,0.05098234853747262,0.017525255385946115
49.4945615,30.491666666666667,0.6220981823762483,0.8284331190720661,0.6005124310026497,0.6862851699017118,0.06841203276625131,0.2923799678257507,0.33851730583963047,0.35530159028100244,0.31669313515354164,0.0,22.580315064554846,22.369549963756135,22.359435704958923,22.53864290082575,25.161113459526142,22.767002302933847,23.43610665348077,22.727047583957436,23.028978531272724,22.962376656655326,0.0,0.28794172619291525,0.0,0.09281187930391377,3.1072060962366983,0.0,1.1278887342368336,0.0,0.0,0.2550348730999943,0.20928893062665566,0.6188600471029204,0.5127814231033732,0.7123252589034053,0.0,0.6301063522047892,0.09356933326635186,0.568811243589078,0.0,0.0,22.799999999999976,22.799999999999976,22.799999999999976,22.799999999999976,22.799999999999976,22.799999999999976,22.799999999999976,22.799999999999976,22.799999999999976,22.799999999999976,23.299999999999976,23.58794172619289,23.299999999999976,23.39281187930389,26.407206096236674,23.299999999999976,24.42788873423681,23.299999999999976,23.299999999999976,23.55503487309997,22.090711069373345,21.68113995289708,21.787218576896628,21.587674741096595,22.3,21.669893647795213,22.20643066673365,21.731188756410923,22.3,22.3,0.5743783100449781,0.8034850097026437,0.7332858697206086,0.5501688277976432,0.3353623904691146,0.31635055250089406,0.3789813576891746,0.21281106502586827,0.1662271788411261,-0.01915242919473491
30.66062242,29.491666666666664,0.5665688738542954,0.6108684190979872,0.34958767802401514,0.5854115051704325,0.22089856524343415,0.10167497543500623,0.25506472287184334,0.19729662292488012,0.2876192121847204,0.0,22.549664265661054,22.44187097366852,22.541890056007635,22.63660905822741,24.9801669963592,22.905566790892625,23.319745071805823,22.652528915647554,22.958476522786253,22.905044828059655,0.0,0.0935361369969773,0.0,0.0,2.1173640923413863,0.0,1.4940365231391837,0.0,0.0,0.8735757243136959,0.0,1.237999683564091,0.0,1.5294971845706264,0.0,0.0,0.06604121390822115,0.0,0.0,0.0,22.799999999999976,22.799999999999976,22.799999999999976,22.799999999999976,22.799999999999976,22.799999999999976,22.799999999999976,22.799999999999976,22.799999999999976,22.799999999999976,23.299999999999976,23.393536136996953,23.299999999999976,23.299999999999976,25.417364092341362,23.299999999999976,24.79403652313916,23.299999999999976,23.299999999999976,24.17357572431367,22.3,21.06200031643591,22.3,20.770502815429374,22.3,22.3,22.23395878609178,22.3,22.3,22.3,0.7020068832427084,0.2640760435057451,0.52893818166743,-0.0533535695459997,0.16594848458080275,0.05034521971855148,0.5033851946343337,0.4075626786505345,0.14320758845592962,0.33486324388328625
30.52801292,28.491666666666664,0.4141038773033173,0.8721096313903016,0.4107518050702727,0.5803786128028608,0.07701718623019868,0.14680686086221129,0.5261076454986299,0.10620462410271878,0.37773056305829555,0.0,22.747284023065955,22.114301053943272,22.5284350024478,22.64075254030997,24.92692098597421,22.91324100286988,23.079913833951643,22.639107631832463,22.75225840753486,22.83981297352733,0.0,0.0,0.0,0.0,2.276632409671034,0.0,1.0201993250302834,0.0,0.0,0.5189816133661225,1.1002138585601569,1.7260301382526606,0.6509563071480429,0.6727989769132066,0.0,0.015131028144140222,0.0,0.605314015742298,0.5593930693483496,0.29684264631011104,22.799999999999976,22.799999999999976,22.799999999999976,22.799999999999976,22.799999999999976,22.799999999999976,22.799999999999976,22.799999999999976,22.799999999999976,22.799999999999976,23.299999999999976,23.299999999999976,23.299999999999976,23.299999999999976,25.57663240967101,23.299999999999976,24.32019932503026,23.299999999999976,23.299999999999976,23.8189816133661,21.199786141439844,20.57396986174734,21.649043692851958,21.627201023086794,22.3,22.28486897185586,22.3,21.694685984257703,21.74060693065165,22.00315735368989,0.3112582382348128,0.47482368537256325,0.4352685047889279,0.3316063639835826,0.22808920374042008,0.06552314682322442,0.4606492695688266,0.1384253816458336,0.36975173755819685,0.02294217570781002
38.81532467,26.983333333333327,0.46975999437740307,0.2508311896054476,0.1811604314629,0.3654434182335177,0.026375312649713028,0.22945754848574454,0.07699271801795068,0.05963568922902822,0.23058279217615443,0.0,22.688283200584127,22.565344388774506,22.826469597807222,22.922043140083286,24.87220406655106,22.759495776140454,23.064013691387785,22.62123872293152,22.714638177947617,22.759295063005528,0.0,0.0,0.0,0.0,3.146182801423212,0.0,0.6914890748242435,0.0,0.0,0.5819446936846902,0.0,0.34052233486258,0.0,0.5056403858923545,0.0,0.0,0.04824912670685322,0.9866750987816566,0.8222269425065463,0.3615882826960508,22.799999999999976,22.799999999999976,22.799999999999976,22.799999999999976,22.799999999999976,22.799999999999976,22.799999999999976,22.799999999999976,22.799999999999976,22.799999999999976,23.299999999999976,23.299999999999976,23.299999999999976,23.299999999999976,26.446182801423188,23.299999999999976,23.99148907482422,23.299999999999976,23.299999999999976,23.881944693684666,22.3,21.95947766513742,22.3,21.794359614107645,22.3,22.3,22.251750873293147,21.313324901218344,21.477773057493454,21.93841171730395,0.6095085919134832,0.33532041381480776,0.19851020435090536,0.10563815437208154,0.7724025740064147,0.31533899654592906,0.3880190630579525,0.030032705173851187,0.005116608895022712,0.0562472755123933
32.02541017,24.98333333333333,0.0,0.0,0.0,0.0,0.0,0.0,0.0,0.0,0.0,0.0,23.39812663532834,23.14341167827748,23.25975298778763,23.650253058787257,24.776078947461205,22.849384892349494,23.041871550545824,22.595784848664845,22.890850056757397,22.65756007417105,0.0,0.0,0.0,0.0,0.0,0.0,0.0,0.0,0.0,0.0,0.12101072208077568,2.447664035955796,0.444491813525282,0.059561902635266506,0.0,0.9395171407700431,0.0,1.4331556948160582,0.923867408201577,0.0,26.700000000000028,26.700000000000028,26.700000000000028,26.700000000000028,26.700000000000028,26.700000000000028,26.700000000000028,26.700000000000028,26.700000000000028,26.700000000000028,27.200000000000028,27.200000000000028,27.200000000000028,27.200000000000028,27.200000000000028,27.200000000000028,27.200000000000028,27.200000000000028,27.200000000000028,27.200000000000028,22.178989277919225,19.852335964044205,21.85550818647472,22.240438097364734,22.3,21.360482859229958,22.3,20.866844305183943,21.376132591798424,22.3,0.3915803833539433,-0.21057853469444784,0.25652693064707294,-0.02219837216876707,0.4269922083140689,-0.04431981431618465,0.35739355840320586,0.2213833479641561,-0.019516800998236918,0.5467694902801513
28.04648383,22.475,0.0,0.0,0.0,0.0,0.0,0.0,0.0,0.0,0.0,0.0,23.76497648596624,23.476823361330595,23.46599312223875,23.99902363228554,24.604636766193018,22.818002533851406,22.967718661984595,22.50119965054395,22.926253923382525,22.529334650784115,0.0,0.0,0.0,0.0,0.0,0.0,0.0,0.0,0.0,0.0,0.0,1.377739274689154,0.0,0.0,0.0,0.464206455483139,0.8516018687606568,0.9719189089093341,0.0,0.989343953813453,26.700000000000028,26.700000000000028,26.700000000000028,26.700000000000028,26.700000000000028,26.700000000000028,26.700000000000028,26.700000000000028,26.700000000000028,26.700000000000028,27.200000000000028,27.200000000000028,27.200000000000028,27.200000000000028,27.200000000000028,27.200000000000028,27.200000000000028,27.200000000000028,27.200000000000028,27.200000000000028,22.3,20.922260725310846,22.3,22.3,22.3,21.83579354451686,21.448398131239344,21.328081091090667,22.3,21.310656046186548,0.44997173366963583,0.15214935004372168,0.3247679238366608,0.5931292990401558,0.43688342686831944,0.14449747565645743,0.4845280286393163,0.15896729717503924,0.3423495103871976,0.06801375373426025
28.02629717,19.98333333333333,0.0,0.0,0.0,0.0,0.0,0.0,0.0,0.0,0.0,0.0,23.872674777061235,23.61454985032125,23.496151857978603,24.064666206331996,24.37460190133068,22.69840192237269,22.852852474400503,22.354278240809997,22.853555208484654,22.37910460453613,0.0,0.0,0.0,0.0,0.0,0.0,0.0,0.0,0.0,0.0,0.0,0.0,0.03700641901450652,0.7801949583557075,0.0,1.3994136409336804,0.0,0.2538579509820842,0.8747653896472265,0.35697482143324777,26.700000000000028,26.700000000000028,26.700000000000028,26.700000000000028,26.700000000000028,26.700000000000028,26.700000000000028,26.700000000000028,26.700000000000028,26.700000000000028,27.200000000000028,27.200000000000028,27.200000000000028,27.200000000000028,27.200000000000028,27.200000000000028,27.200000000000028,27.200000000000028,27.200000000000028,27.200000000000028,22.3,22.3,22.262993580985494,21.519805041644293,22.3,20.90058635906632,22.3,22.046142049017917,21.425234610352774,21.943025178566753,0.06088868606599211,0.5837643480690144,0.5773916488646291,-0.1810244183916283,0.4280734387110229,0.2899219581804405,1.0523361955165913,0.5437315081076602,0.34773641211944917,0.3657284857806139
26.342219,19.0,0.0,0.0,0.0,0.0,0.0,0.0,0.0,0.0,0.0,0.0,23.887039335741402,23.67384109480554,23.468123027085607,24.03659938035034,24.156126421809123,22.572637006500003,22.73989309846373,22.212536199063436,22.75791301853007,22.235995557119736,0.0,0.0,0.0,0.0,0.0,0.0,0.0,0.0,0.0,0.0,0.0,0.8260337302458045,0.0884036919547678,0.0,0.0,1.4016842769615534,0.8797170536627199,1.1030717131740069,0.44349081521301487,0.6532879999646077,26.700000000000028,26.700000000000028,26.700000000000028,26.700000000000028,26.700000000000028,26.700000000000028,26.700000000000028,26.700000000000028,26.700000000000028,26.700000000000028,27.200000000000028,27.200000000000028,27.200000000000028,27.200000000000028,27.200000000000028,27.200000000000028,27.200000000000028,27.200000000000028,27.200000000000028,27.200000000000028,22.3,21.473966269754197,22.211596308045234,22.3,22.3,20.898315723038447,21.42028294633728,21.196928286825994,21.856509184786987,21.646712000035393,0.7855421206189344,0.1831530642175128,0.18677287918346788,0.23817076793662287,0.560521938640622,0.2258168226817876,0.33942671608499936,0.1485748652959336,0.4231719314429568,0.48521610499191387
24.21137375,17.98333333333333,0.0,0.0,0.0,0.0,0.0,0.0,0.0,0.0,0.0,0.0,23.828290538910487,23.668376727495044,23.39299656492192,23.935666053277483,23.945467533900374,22.441062688570945,22.62768719344763,22.0737542008275,22.64320895460815,22.098311289968485,0.0,0.0,0.0,0.0,0.0,0.0,0.0,0.0,0.0,0.0,0.0,0.4548921770470997,0.0,0.0,0.0,0.3543733738988699,1.3266943982788817,0.5650386087029737,0.0,0.30885975912395863,26.700000000000028,26.700000000000028,26.700000000000028,26.700000000000028,26.700000000000028,26.700000000000028,26.700000000000028,26.700000000000028,26.700000000000028,26.700000000000028,27.200000000000028,27.200000000000028,27.200000000000028,27.200000000000028,27.200000000000028,27.200000000000028,27.200000000000028,27.200000000000028,27.200000000000028,27.200000000000028,22.3,21.8451078229529,22.3,22.3,22.3,21.94562662610113,20.97330560172112,21.734961391297027,22.3,21.991140240876042,0.18581948538054363,0.1874333380167393,0.23665971842937367,0.6482871315390455,0.595137470281205,0.30311076950783994,0.30242255213362634,0.3631315880929698,0.506381013650951,0.4135491407267766
23.47840358,16.491666666666664,0.0,0.0,0.0,0.0,0.0,0.0,0.0,0.0,0.0,0.0,23.681515635268575,23.58607941930623,23.256269121872958,23.74278269485864,23.72280480791335,22.286815161544638,22.50534690520425,21.923006950842783,22.494707297597074,21.957118382149954,0.0,0.0,0.0,0.0,0.0,0.0,0.0,0.0,0.0,0.0,0.0,0.0,0.0,0.0,0.0,1.0800740693675097,1.0459037436369094,0.8268187031525613,0.5581081343501402,1.2977897524727595,26.700000000000028,26.700000000000028,26.700000000000028,26.700000000000028,26.700000000000028,26.700000000000028,26.700000000000028,26.700000000000028,26.700000000000028,26.700000000000028,27.200000000000028,27.200000000000028,27.200000000000028,27.200000000000028,27.200000000000028,27.200000000000028,27.200000000000028,27.200000000000028,27.200000000000028,27.200000000000028,22.3,22.3,22.3,22.3,22.3,21.219925930632492,21.25409625636309,21.47318129684744,21.741891865649862,21.00221024752724,0.43046784742473465,0.09307801227183596,0.5982697065501748,-0.19244906007088067,0.6051144124350494,-0.14186396066731952,0.7168394143974328,0.23331942991022686,0.10204249745359203,-0.04220035625175783
27.19958858,16.508333333333336,0.0,0.0,0.0,0.0,0.0,0.0,0.0,0.0,0.0,0.0,23.571271875012048,23.52083245197958,23.15057881179762,23.599501979225614,23.54833906964985,22.174432954735884,22.40907152879254,21.808293631550853,22.380661506206838,21.83860817409666,0.0,0.0,0.0,0.0,0.0,0.0,0.0,0.0,0.0,0.0,0.0,0.6790791772894539,0.0,0.0,0.0,0.9299364676015074,0.4169088457339214,0.877149804941137,0.5656527097986555,0.47276647260527227,26.700000000000028,26.700000000000028,26.700000000000028,26.700000000000028,26.700000000000028,26.700000000000028,26.700000000000028,26.700000000000028,26.700000000000028,26.700000000000028,27.200000000000028,27.200000000000028,27.200000000000028,27.200000000000028,27.200000000000028,27.200000000000028,27.200000000000028,27.200000000000028,27.200000000000028,27.200000000000028,22.3,21.62092082271055,22.3,22.3,22.3,21.370063532398493,21.88309115426608,21.422850195058864,21.734347290201345,21.82723352739473,0.28643007724233616,-0.14778617986604026,0.3787327175898191,0.12459716557878764,0.5828854440004723,0.3844901233158339,0.597060656090554,0.2661650785634172,0.21390640070228076,0.6735350369510145
30.69229975,15.475,0.0,0.0569121333664004,0.0,0.0,0.0,0.0,0.15266535774009124,0.0,0.0,0.0,23.416817647760297,23.34180220670049,23.014050439499915,23.410891551653673,23.371652697935836,22.052018938085318,22.239086616032605,21.68966982985696,22.25107175824683,21.721337025321,0.0,0.0,0.0,0.0,0.0,0.0,0.0,0.0,0.0,0.0,0.0,0.6292102466140547,0.0,0.16714661520350557,0.0,1.0141628347291949,0.32730421734295306,1.7256945478400745,1.548907854356006,0.9211704120288502,25.200000000000028,25.200000000000028,25.200000000000028,25.200000000000028,25.200000000000028,25.200000000000028,25.200000000000028,25.200000000000028,25.200000000000028,25.200000000000028,25.700000000000028,25.700000000000028,25.700000000000028,25.700000000000028,25.700000000000028,25.700000000000028,25.700000000000028,25.700000000000028,25.700000000000028,25.700000000000028,22.3,21.670789753385947,22.3,22.132853384796494,22.3,21.285837165270806,21.97269578265705,20.574305452159926,20.751092145643995,21.37882958797115,0.3914165124132881,0.4715615817130299,0.36093443844114914,0.36262146900804887,0.3537630327210488,0.18754785829999468,0.5774853028108903,0.2865108115666911,-0.07695266640268768,0.5314916999936188
20.33588333,15.016666666666664,0.03785552986578962,0.5224654011042815,0.0,0.028495857301989336,0.14278613389443112,0.0,0.4,0.0,0.0,0.0,23.196352596261708,22.579807057972705,22.883621645291363,23.18089049799376,23.088897733496857,21.94454722410827,21.980088464836495,21.5852801542133,22.132562475746735,21.614880716015712,0.0,0.0,0.0,0.0,0.0,0.0,0.0,0.0,0.0,0.0,0.0,0.21876359356574326,0.20415047117077023,0.20814163542166142,0.0,1.0181523548918925,0.6174926110978642,1.8853915860054897,1.0611808234751052,1.7135947544984411,23.900000000000016,23.900000000000016,23.900000000000016,23.900000000000016,23.900000000000016,23.900000000000016,23.900000000000016,23.900000000000016,23.900000000000016,23.900000000000016,24.400000000000016,24.400000000000016,24.400000000000016,24.400000000000016,24.400000000000016,24.400000000000016,24.400000000000016,24.400000000000016,24.400000000000016,24.400000000000016,22.3,22.081236406434257,22.09584952882923,22.09185836457834,22.3,21.28184764510811,21.68250738890214,20.41460841399451,21.238819176524895,20.58640524550156,0.46223899525418666,0.11542622404776366,0.5457305932738341,-0.2666797846984351,0.826148104309091,0.36958137328248764,0.8385430682063959,0.24855937509965415,0.11644597635306408,0.39966099364444363
25.58511625,17.525,0.19221292810593388,0.20044137074153867,0.11946027700298831,0.19547965228582492,0.5673510781796808,0.0,0.3736427727567638,0.0,0.0,0.0,22.90790540186716,22.509654540013802,22.71176386077599,22.89738108084388,22.586859831925267,21.96304553340202,21.84431956603362,21.580629020919993,22.141732884057518,21.567943194029176,0.0,0.0,0.0,0.0,0.0,0.0,0.0617503558859447,0.0,0.0,0.04850166459318217,1.1835084749168923,0.6486645043441543,0.9456216773024742,0.0,0.8302667005121646,1.2501335493568249,0.8619509035558899,1.1170975858769339,1.3717553993127065,1.4181991900588566,22.799999999999976,22.799999999999976,22.799999999999976,22.799999999999976,22.799999999999976,22.799999999999976,22.799999999999976,22.799999999999976,22.799999999999976,22.799999999999976,23.299999999999976,23.299999999999976,23.299999999999976,23.299999999999976,23.299999999999976,23.299999999999976,23.36175035588592,23.299999999999976,23.299999999999976,23.348501664593158,21.11649152508311,21.651335495655847,21.354378322697528,22.3,21.469733299487835,21.049866450643176,21.43804909644411,21.182902414123067,20.928244600687293,20.881800809941144,-0.03718471897511128,0.27176184225386335,-0.04691600557808143,0.20453633916668465,0.39738013566356045,0.007908084147597125,1.1559848668925425,0.3985226058890328,-0.012748540616087189,0.4532970142282176
24.71013958,19.0,0.27981895583710525,0.42849310026006815,0.3711885215051537,0.13496349987090753,0.5508923079611515,0.009230343998403256,0.20092891311243993,0.0,0.0,0.0,22.623774144153888,22.239249392089867,22.230182785856293,22.91246361988109,22.262976659764426,22.02252066889715,21.850229670010133,21.621254534041466,22.208042371042332,21.553520241833926,0.0,0.0,0.0,0.0,0.009980710789307068,0.0,0.0,0.0,0.0,0.0,1.5018888833057105,2.462414950406022,0.11670242943315756,0.3844884725572136,0.6688169124502252,0.32000581316073706,0.590095914334633,1.5836873307496226,0.88417602610104,1.1035242937351946,22.799999999999976,22.799999999999976,22.799999999999976,22.799999999999976,22.799999999999976,22.799999999999976,22.799999999999976,22.799999999999976,22.799999999999976,22.799999999999976,23.299999999999976,23.299999999999976,23.299999999999976,23.299999999999976,23.309980710789283,23.299999999999976,23.299999999999976,23.299999999999976,23.299999999999976,23.299999999999976,20.79811111669429,19.83758504959398,22.183297570566843,21.91551152744279,21.631183087549775,21.979994186839264,21.709904085665368,20.716312669250378,21.41582397389896,21.196475706264806,0.3130430534793621,0.3231640784049086,0.7710390339014801,0.10918476177529497,0.709215452530065,0.6687718105517275,0.7167688800764751,0.5915959608459763,0.1215083251832525,0.32821202486301154
23.88485633,20.525,0.2146658409149828,0.6505984166996934,0.192735624168556,0.4826301314027748,0.3837940184457597,0.08156158368609967,0.4114720698194989,0.0217303045432467,0.1521452674038763,0.0,22.636290227479506,21.818163134432538,22.236009283981044,22.401906831498295,22.2143461485722,22.036935814772967,21.792004079431077,21.68045162166485,22.132065338475222,21.567303379376323,0.0,0.0,0.0,0.0,0.0,0.0,0.0,0.0,0.0,0.0,0.6621039764670578,1.5632157793855406,0.20939954839827118,0.8521959617684374,0.0,0.9812528090351591,0.198277063586783,1.6657359141844417,1.1525413654689185,1.2176556631236792,22.799999999999976,22.799999999999976,22.799999999999976,22.799999999999976,22.799999999999976,22.799999999999976,22.799999999999976,22.799999999999976,22.799999999999976,22.799999999999976,23.299999999999976,23.299999999999976,23.299999999999976,23.299999999999976,23.299999999999976,23.299999999999976,23.299999999999976,23.299999999999976,23.299999999999976,23.299999999999976,21.637896023532942,20.73678422061446,22.09060045160173,21.447804038231563,22.3,21.318747190964842,22.101722936413218,20.63426408581556,21.147458634531084,21.08234433687632,0.2868195996309163,-0.06332337856479887,0.6181319913276768,0.6016714755804281,0.9272374398398711,0.4027742120965626,0.8653001492358146,0.5344602854044559,0.4933842770119131,0.36236421652608675
27.30627458,22.0,0.6651981176452277,0.7108755638830886,0.6491655880793653,0.779872422936762,0.36296526029396575,0.027367470414804845,0.6920995939636996,0.08467928395214373,0.2678381487869691,0.0,21.891698830893485,21.479963542157602,21.54735956487095,21.586458176538954,22.250889109252768,22.170839124628873,21.64957746041032,21.719093615236325,21.989313315411767,21.603968103098097,0.0,0.0,0.0,0.0,0.0,0.0,0.0,0.0,0.0,0.0,0.4171957120496046,2.940184048941152,1.0462872993578842,2.2171494970985206,0.3686032555033649,0.7471160661930476,1.260677501909927,1.0244093131410956,1.6322907258905879,1.1991968256007475,22.799999999999976,22.799999999999976,22.799999999999976,22.799999999999976,22.799999999999976,22.799999999999976,22.799999999999976,22.799999999999976,22.799999999999976,22.799999999999976,23.299999999999976,23.299999999999976,23.299999999999976,23.299999999999976,23.299999999999976,23.299999999999976,23.299999999999976,23.299999999999976,23.299999999999976,23.299999999999976,21.882804287950396,19.35981595105885,21.253712700642115,20.08285050290148,21.931396744496634,21.552883933806953,21.039322498090073,21.275590686858905,20.667709274109413,21.100803174399253,0.46793104162928856,0.09417874469809842,0.6433874570028405,0.24852320293189947,0.42824180510177107,0.1776080122686748,0.8785083371301565,0.7483516448620738,-0.25412001486411623,0.505343981875264
37.4201685,23.525,0.395731813190132,0.24030259480466412,0.04922547788629971,0.28870041898720805,0.05382184649968604,0.0,0.19360195282040132,0.0,0.0,0.0,21.942577225783285,21.888534888278837,22.10330500215961,22.001594697386345,22.611337660099814,22.36149223647462,21.801980110401004,21.86261578680655,22.27199264036148,21.66073415042524,0.0,0.0,0.0,0.0,0.5648972208750351,0.0,0.0,0.0,0.0,0.0,2.155993227730356,2.8028906294039797,1.8276686174283794,3.8768562557376782,0.0,0.041864612855234545,0.7297899683788671,1.6809363222269589,0.7805735480653312,0.9392101438408744,22.799999999999976,22.799999999999976,22.799999999999976,22.799999999999976,22.799999999999976,22.799999999999976,22.799999999999976,22.799999999999976,22.799999999999976,22.799999999999976,23.299999999999976,23.299999999999976,23.299999999999976,23.299999999999976,23.86489722087501,23.299999999999976,23.299999999999976,23.299999999999976,23.299999999999976,23.299999999999976,20.144006772269645,19.49710937059602,20.47233138257162,18.423143744262322,22.3,22.258135387144765,21.570210031621134,20.619063677773042,21.51942645193467,21.360789856159126,-0.3277435554738334,-0.07305430685690996,-0.1117474840984293,0.48663972761548874,0.6978387648925873,0.47867298626250127,0.6766370016235341,0.1792329532438804,-0.06359320615725787,0.47887803037698584
37.12716083,25.508333333333336,0.9555500142800859,0.5651488731880526,0.5979741100097757,0.9534087935240361,0.1521702012876966,0.33293484702523435,0.4,0.05048256402002728,0.44646553177233017,0.0,21.05449174533344,21.905737609192375,21.714210447215923,21.241768670340047,22.883593988321994,22.171690603358087,21.871756871383276,21.990988106493013,22.017043032926374,21.742202116118506,0.0,0.0,0.0,0.0,1.1054129838889188,0.0,0.0,0.0,0.0,0.0,2.547127713514099,2.103049796125557,3.1502509121363964,3.092645690962639,0.3012392534103796,1.3838837799594264,1.20292817558747,1.0633888851224178,1.954763356759809,1.36252197163639,22.799999999999976,22.799999999999976,22.799999999999976,22.799999999999976,22.799999999999976,22.799999999999976,22.799999999999976,22.799999999999976,22.799999999999976,22.799999999999976,23.299999999999976,23.299999999999976,23.299999999999976,23.299999999999976,24.405412983888894,23.299999999999976,23.299999999999976,23.299999999999976,23.299999999999976,23.299999999999976,19.752872286485903,20.196950203874444,19.149749087863604,19.207354309037363,21.99876074658962,20.916116220040575,21.09707182441253,21.236611114877583,20.34523664324019,20.93747802836361,0.27856380256447844,-0.4083336296631508,0.06132998873732426,-0.01009110298424779,0.4150606917766396,0.2379661797523768,0.5881776299628495,0.31339078311052165,0.0435216442596613,0.3627586499192855
141.1338735,26.508333333333336,0.0,0.0,0.0,0.02173700647590504,0.0,0.0,0.0,0.0,0.0,0.0,22.262738402942627,22.693133532959557,22.472792884351716,22.470394630444037,23.270503962517626,22.477783071151133,22.134406963254996,22.15977721902733,22.413202810130567,21.827741048332403,0.0,0.0,0.0,0.0,0.6118609531577376,0.0,0.14306826175344511,0.0,0.0,0.24335363273124333,0.6786323026500334,1.8528757250589614,1.2874618694782072,0.0,0.0,0.6972139316608161,1.3998563782492504,0.9852757190720567,1.6641975540015665,1.1965305923110066,22.799999999999976,22.799999999999976,22.799999999999976,22.799999999999976,22.799999999999976,22.799999999999976,22.799999999999976,22.799999999999976,22.799999999999976,22.799999999999976,23.299999999999976,23.299999999999976,23.299999999999976,23.299999999999976,23.911860953157714,23.299999999999976,23.44306826175342,23.299999999999976,23.299999999999976,23.54335363273122,21.621367697349967,20.44712427494104,21.012538130521794,22.3,22.3,21.602786068339185,20.90014362175075,21.314724280927944,20.635802445998433,21.103469407688994,0.4671203242169314,-0.21590974745681643,-0.027070657550560075,0.4726179304006711,0.36888301952940183,0.15462472381958195,0.35968486904442537,0.015165420810327379,0.1688704649541375,0.16295592001450337
88.15444066,27.508333333333336,0.05378929090808153,0.024522362350303518,0.005592597697635829,0.06303055756685856,0.0,0.053661964833999674,0.05074263795960711,0.0,0.01829130136110404,0.0,23.146073599665392,23.346653705356186,23.106990052852016,23.39377166472447,23.61298335129961,22.675346885177742,22.341035408138584,22.318731436999123,22.7367284648231,21.916705111628346,0.0,0.31232614047840457,0.0,0.3443186289042761,1.9063273355209418,0.0,0.26948862724900025,0.0,0.23835179621378444,0.16823990021982027,1.638946774513838,1.4286850899173302,1.4501964495117186,0.4139268133732905,0.0,0.155602765554141,0.7384303722280414,0.8840341446149704,1.4875960936092518,0.6953963013023703,22.799999999999976,22.799999999999976,22.799999999999976,22.799999999999976,22.799999999999976,22.799999999999976,22.799999999999976,22.799999999999976,22.799999999999976,22.799999999999976,23.299999999999976,23.61232614047838,23.299999999999976,23.64431862890425,25.206327335520918,23.299999999999976,23.569488627248976,23.299999999999976,23.53835179621376,23.468239900219796,20.661053225486164,20.87131491008267,20.849803550488282,21.88607318662671,22.3,22.14439723444586,21.56156962777196,21.415965855385032,20.81240390639075,21.60460369869763,-0.24706380639630005,-0.3520572995535437,-0.3306418261282662,-0.22099136675850034,0.611126640706469,0.28846656122057024,0.5337829721876214,0.1604528050934277,0.25758461102368846,0.6485980266253444
